<?xml version="1.0" encoding="UTF-8"?>
<analysisEngineDescription xmlns="http://uima.apache.org/resourceSpecifier">
  <frameworkImplementation>org.apache.uima.java</frameworkImplementation>
  <primitive>false</primitive>
  <delegateAnalysisEngineSpecifiers>
    <delegateAnalysisEngine key="DummyQueryExpansion">
      <import name="edu.columbia.cs.semantic.sample.query_expansion.DummyQueryExpansion"/>
    </delegateAnalysisEngine>
  </delegateAnalysisEngineSpecifiers>
  <analysisEngineMetaData>
    <name>QueryExpansionComponents</name>
    <description/>
    <version>1.0</version>
    <vendor/>
    <configurationParameters/>
    <configurationParameterSettings/>
    <flowConstraints>
      <fixedFlow>
        <node>DummyQueryExpansion</node>
      </fixedFlow>
    </flowConstraints>
    <fsIndexCollection/>
    <capabilities>
      <capability>
        <inputs/>
        <outputs/>
        <inputSofas>
          <sofaName>QUERY</sofaName>
        </inputSofas>
        <languagesSupported/>
      </capability>
    </capabilities>
    <operationalProperties>
      <modifiesCas>true</modifiesCas>
      <multipleDeploymentAllowed>true</multipleDeploymentAllowed>
      <outputsNewCASes>false</outputsNewCASes>
    </operationalProperties>
  </analysisEngineMetaData>
  <resourceManagerConfiguration/>
</analysisEngineDescription>
