<?xml version="1.0" encoding="UTF-8"?><analysisEngineDescription xmlns="http://uima.apache.org/resourceSpecifier">
  <frameworkImplementation>org.apache.uima.java</frameworkImplementation>
  <primitive>false</primitive>
  <delegateAnalysisEngineSpecifiers>
    <delegateAnalysisEngine key="SecondaryDocumentSearchComponents">
      <import name="edu.columbia.cs.semantic.system.SecondaryDocumentSearchComponents"/>
    </delegateAnalysisEngine>
    <delegateAnalysisEngine key="ExpandedQueryAnalysisComponents">
      <import name="edu.columbia.cs.semantic.system.ExpandedQueryAnalysisComponents"/>
    </delegateAnalysisEngine>
    <delegateAnalysisEngine key="StructuredDataSearchComponents">
      <import name="edu.columbia.cs.semantic.system.StructuredDataSearchComponents"/>
    </delegateAnalysisEngine>
    <delegateAnalysisEngine key="QueryAnalysisComponents">
      <import name="edu.columbia.cs.semantic.system.QueryAnalysisComponents"/>
    </delegateAnalysisEngine>
    <delegateAnalysisEngine key="DocumentSearchCasMultiplier">
      <import name="edu.columbia.cs.semantic.core.DocumentSearchCasMultiplier"/>
    </delegateAnalysisEngine>
    <delegateAnalysisEngine key="PrimaryDocumentSearchComponents">
      <import name="edu.columbia.cs.semantic.system.PrimaryDocumentSearchComponents"/>
    </delegateAnalysisEngine>
    <delegateAnalysisEngine key="QueryExpansionComponents">
      <import name="edu.columbia.cs.semantic.system.QueryExpansionComponents"/>
    </delegateAnalysisEngine>
    <delegateAnalysisEngine key="QueryExpansionCasMultiplier">
      <import name="edu.columbia.cs.semantic.core.QueryExpansionCasMultiplier"/>
    </delegateAnalysisEngine>
  </delegateAnalysisEngineSpecifiers>
  <flowController key="SemanticSearchFlowController">
    <import name="edu.columbia.cs.semantic.core.SemanticSearchFlowController"/>
  </flowController>
  <analysisEngineMetaData>
    <name>SemanticSearchDescriptor</name>
    <description>This is the top-level descriptor for the semantic search pipeline. Runs the input queries through several components in the pipeline:
(1) QueryAnalysisComponents
(2) PrimaryDocumentSearchComponents
(3) StructuredDataSearchComponents
(4) QueryExpansionComponents
(5) SecondaryDocumentSearchComponents</description>
    <version>1.0</version>
    <vendor/>
    <configurationParameters searchStrategy="language_fallback"/>
    <configurationParameterSettings/>
    <flowConstraints>
      <fixedFlow/>
    </flowConstraints>
    <fsIndexCollection/>
    <capabilities>
      <capability>
        <inputs/>
        <outputs/>
        <inputSofas>
          <sofaName>QUERY</sofaName>
        </inputSofas>
        <outputSofas>
          <sofaName>DOCUMENT</sofaName>
          <sofaName>EXPANDED</sofaName>
        </outputSofas>
        <languagesSupported/>
      </capability>
    </capabilities>
    <operationalProperties>
      <modifiesCas>true</modifiesCas>
      <multipleDeploymentAllowed>true</multipleDeploymentAllowed>
      <outputsNewCASes>true</outputsNewCASes>
    </operationalProperties>
  </analysisEngineMetaData>
  <resourceManagerConfiguration/>
</analysisEngineDescription>
