<?xml version="1.0" encoding="UTF-8"?>
<casConsumerDescription xmlns="http://uima.apache.org/resourceSpecifier">
  <frameworkImplementation>org.apache.uima.java</frameworkImplementation>
  <implementationName>org.apache.uima.examples.xmi.XmiWriterCasConsumer</implementationName>
  <processingResourceMetaData>
    <name>Xmi Writer CAS Consumer</name>
    <description>Writes the CAS to XMI format</description>
    <version>1.0</version>
    <vendor>The Apache Software Foundation</vendor>
    <configurationParameters>
      <configurationParameter>
        <name>OutputDirectory</name>
        <description>Directory where the XMI files will be written</description>
        <type>String</type>
        <multiValued>false</multiValued>
        <mandatory>true</mandatory>
      </configurationParameter>
    </configurationParameters>
    <configurationParameterSettings>
      <nameValuePair>
        <name>OutputDirectory</name>
        <value>
          <string>/temp-uima-output/xmi_output</string>
        </value>
      </nameValuePair>
    </configurationParameterSettings>
    <typeSystemDescription>
      <imports>
        <import name="org.apache.uima.examples.SourceDocumentInformation"/>
      </imports>
    </typeSystemDescription>
    <capabilities>
      <capability>
        <inputs>
          <type allAnnotatorFeatures="true">org.apache.uima.examples.SourceDocumentInformation</type>
        </inputs>
        <outputs/>
        <languagesSupported/>
      </capability>
    </capabilities>
    <operationalProperties>
      <modifiesCas>false</modifiesCas>
      <multipleDeploymentAllowed>true</multipleDeploymentAllowed>
      <outputsNewCASes>false</outputsNewCASes>
    </operationalProperties>
  </processingResourceMetaData>
</casConsumerDescription>
