<?xml version="1.0" encoding="UTF-8"?>
<collectionReaderDescription xmlns="http://uima.apache.org/resourceSpecifier">
  <frameworkImplementation>org.apache.uima.java</frameworkImplementation>
  <implementationName>edu.columbia.cs.semantic.core.QueryCollectionReader</implementationName>
  <processingResourceMetaData>
    <name>QueryCollectionReader</name>
    <description>Reads in a set of input queries into UIMA CASes.</description>
    <version>1.0</version>
    <vendor/>
    <configurationParameters>
      <configurationParameter>
        <name>InputFile</name>
        <description>Input file containing the list of queries to run through the pipeline.</description>
        <type>String</type>
        <multiValued>false</multiValued>
        <mandatory>true</mandatory>
      </configurationParameter>
    </configurationParameters>
    <configurationParameterSettings>
      <nameValuePair>
        <name>InputFile</name>
        <value>
          <string>/must/edit</string>
        </value>
      </nameValuePair>
    </configurationParameterSettings>
    <typeSystemDescription>
      <imports>
        <import name="edu.columbia.cs.semantic.model.types"/>
      </imports>
    </typeSystemDescription>
    <typePriorities/>
    <fsIndexCollection/>
    <capabilities>
      <capability>
        <inputs/>
        <outputs>
          <type allAnnotatorFeatures="true">edu.columbia.cs.semantic.model.QueryString</type>
        </outputs>
        <outputSofas>
          <sofaName>QUERY</sofaName>
        </outputSofas>
        <languagesSupported/>
      </capability>
    </capabilities>
    <operationalProperties>
      <modifiesCas>true</modifiesCas>
      <multipleDeploymentAllowed>false</multipleDeploymentAllowed>
      <outputsNewCASes>true</outputsNewCASes>
    </operationalProperties>
  </processingResourceMetaData>
  <resourceManagerConfiguration/>
</collectionReaderDescription>
