<?xml version="1.0" encoding="UTF-8"?>
<flowControllerDescription xmlns="http://uima.apache.org/resourceSpecifier">
  <frameworkImplementation>org.apache.uima.java</frameworkImplementation>
  <implementationName>edu.columbia.cs.semantic.core.SemanticSearchFlowController</implementationName>
  <processingResourceMetaData>
    <name>SemanticSearchFlowController</name>
    <description>Flow controller for the semantic search pipeline.</description>
    <version>1.0</version>
    <vendor/>
    <configurationParameters/>
    <configurationParameterSettings/>
    <typeSystemDescription/>
    <typePriorities/>
    <fsIndexCollection/>
    <capabilities>
      <capability>
        <inputs/>
        <outputs/>
        <inputSofas>
          <sofaName>QUERY</sofaName>
        </inputSofas>
        <languagesSupported/>
      </capability>
    </capabilities>
    <operationalProperties>
      <modifiesCas>false</modifiesCas>
      <multipleDeploymentAllowed>true</multipleDeploymentAllowed>
      <outputsNewCASes>false</outputsNewCASes>
    </operationalProperties>
  </processingResourceMetaData>
  <resourceManagerConfiguration/>
</flowControllerDescription>
