<?xml version="1.0" encoding="UTF-8"?>
<analysisEngineDescription xmlns="http://uima.apache.org/resourceSpecifier">
  <frameworkImplementation>org.apache.uima.java</frameworkImplementation>
  <primitive>true</primitive>
  <annotatorImplementationName>edu.columbia.cs.semantic.sample.document_search.LuceneSecondaryDocumentSearch</annotatorImplementationName>
  <analysisEngineMetaData>
    <name>LuceneSecondaryDocumentSearch</name>
    <description/>
    <version>1.0</version>
    <vendor/>
    <configurationParameters/>
    <configurationParameterSettings/>
    <typeSystemDescription>
      <imports>
        <import name="edu.columbia.cs.semantic.model.types"/>
      </imports>
    </typeSystemDescription>
    <typePriorities/>
    <fsIndexCollection/>
    <capabilities>
      <capability>
        <inputs>
          <type allAnnotatorFeatures="true">edu.columbia.cs.semantic.model.QueryString</type>
        </inputs>
        <outputs>
          <type allAnnotatorFeatures="true">edu.columbia.cs.semantic.SearchHitList</type>
          <type allAnnotatorFeatures="true">edu.columbia.cs.semantic.model.SearchHit</type>
        </outputs>
        <inputSofas>
          <sofaName>EXPANDED</sofaName>
          <sofaName>QUERY</sofaName>
        </inputSofas>
        <languagesSupported/>
      </capability>
    </capabilities>
    <operationalProperties>
      <modifiesCas>true</modifiesCas>
      <multipleDeploymentAllowed>true</multipleDeploymentAllowed>
      <outputsNewCASes>false</outputsNewCASes>
    </operationalProperties>
  </analysisEngineMetaData>
  <resourceManagerConfiguration/>
</analysisEngineDescription>
