<?xml version="1.0" encoding="UTF-8"?><typeSystemDescription xmlns="http://uima.apache.org/resourceSpecifier">
  <name>edu.columia.cs.semantic.model.types</name>
  <description>Type system for semantic search project in E6998-009 "Semantic Technologies in Watson".</description>
  <version>1.0</version>
  <vendor/>
  <imports>
    <import name="org.apache.uima.examples.SourceDocumentInformation"/>
  </imports>
  <types>
    <typeDescription>
      <name>edu.columbia.cs.semantic.model.QueryString</name>
      <description>Input query string annotation</description>
      <supertypeName>edu.columbia.cs.semantic.model.SemanticSearchAnnotation</supertypeName>
      <features>
        <featureDescription>
          <name>queryId</name>
          <description>ID of this query</description>
          <rangeTypeName>uima.cas.String</rangeTypeName>
        </featureDescription>
      </features>
    </typeDescription>
    <typeDescription>
      <name>edu.columbia.cs.semantic.model.SemanticSearchAnnotation</name>
      <description>Top-level class representing an annotation in this project</description>
      <supertypeName>uima.tcas.Annotation</supertypeName>
      <features>
        <featureDescription>
          <name>componentId</name>
          <description>ID of the component that posted this annotation</description>
          <rangeTypeName>uima.cas.String</rangeTypeName>
        </featureDescription>
        <featureDescription>
          <name>confidence</name>
          <description>Confidence associated with this annotation</description>
          <rangeTypeName>uima.cas.Double</rangeTypeName>
        </featureDescription>
      </features>
    </typeDescription>
    <typeDescription>
      <name>edu.columbia.cs.semantic.model.SearchHit</name>
      <description>This object represents a single document/passage search result (hit) from a document search.</description>
      <supertypeName>uima.cas.TOP</supertypeName>
      <features>
        <featureDescription>
          <name>text</name>
          <description>This feature contains the text of the document/passage retrieved during search</description>
          <rangeTypeName>uima.cas.String</rangeTypeName>
        </featureDescription>
        <featureDescription>
          <name>rank</name>
          <description>This feature contains the rank of the document in during the document search</description>
          <rangeTypeName>uima.cas.Integer</rangeTypeName>
        </featureDescription>
        <featureDescription>
          <name>score</name>
          <description>This feature contains a search confidence score assigned by the retrieval engine</description>
          <rangeTypeName>uima.cas.Double</rangeTypeName>
        </featureDescription>
        <featureDescription>
          <name>componentId</name>
          <description>Component ID of the component that posted this feature structure</description>
          <rangeTypeName>uima.cas.String</rangeTypeName>
        </featureDescription>
      </features>
    </typeDescription>
    <typeDescription>
      <name>edu.columbia.cs.semantic.model.SearchHitList</name>
      <description>This UIMA object represents a list of SearchHit feature structures</description>
      <supertypeName>uima.cas.TOP</supertypeName>
      <features>
        <featureDescription>
          <name>list</name>
          <description>The list of SearchHit feature structures</description>
          <rangeTypeName>uima.cas.FSList</rangeTypeName>
          <elementType>edu.columbia.cs.semantic.model.SearchHit</elementType>
        </featureDescription>
      </features>
    </typeDescription>
    <typeDescription>
      <name>edu.columbia.cs.semantic.model.Token</name>
      <description>A token annotation within the query string</description>
      <supertypeName>edu.columbia.cs.semantic.model.SemanticSearchAnnotation</supertypeName>
      <features>
        <featureDescription>
          <name>lemma</name>
          <description>Lemma form of the covered token</description>
          <rangeTypeName>uima.cas.String</rangeTypeName>
        </featureDescription>
      </features>
    </typeDescription>
    <typeDescription>
      <name>edu.columbia.cs.semantic.model.StructuredLookupResult</name>
      <description>Result from the lookup of a structured resource (e.g., entity/relation)</description>
      <supertypeName>uima.cas.TOP</supertypeName>
      <features>
        <featureDescription>
          <name>data</name>
          <description>The result of the structured lookup is stored in a free form string (allowing the flexibility of storing in various formats of data)</description>
          <rangeTypeName>uima.cas.String</rangeTypeName>
        </featureDescription>
        <featureDescription>
          <name>componentId</name>
          <description>Component ID of the AE that performed the lookup</description>
          <rangeTypeName>uima.cas.String</rangeTypeName>
        </featureDescription>
        <featureDescription>
          <name>score</name>
          <description>A confidence score for this lookup result</description>
          <rangeTypeName>uima.cas.Double</rangeTypeName>
        </featureDescription>
      </features>
    </typeDescription>
    <typeDescription>
      <name>edu.columbia.cs.semantic.model.DerivedQuery</name>
      <description>A search query dervied from the base query, by query expansion or other means</description>
      <supertypeName>uima.cas.TOP</supertypeName>
      <features>
        <featureDescription>
          <name>query</name>
          <description>The text of the expanded query</description>
          <rangeTypeName>uima.cas.String</rangeTypeName>
        </featureDescription>
        <featureDescription>
          <name>componentId</name>
          <description>Component ID of the AE that posted this derived query</description>
          <rangeTypeName>uima.cas.String</rangeTypeName>
        </featureDescription>
        <featureDescription>
          <name>score</name>
          <description>Confidence of the AE in the derived query</description>
          <rangeTypeName>uima.cas.Double</rangeTypeName>
        </featureDescription>
      </features>
    </typeDescription>
  </types>
</typeSystemDescription>
